{
  "timestamp": "2026-01-31T17:12:28.058986",
  "dataset": {
    "path": "D:\\WildGuard MCA\\wildguard_backend\\ml_experiments\\datasets\\images",
    "train_samples": 212,
    "val_samples": 52
  },
  "training_params": {
    "epochs": 10,
    "batch_size": 16,
    "image_size": 224
  },
  "recommended_model": "YOLOv8_small",
  "metrics": {
    "BasicCNN": {
      "accuracy": 0.7692307829856873,
      "train_accuracy": 0.6650943160057068,
      "inference_time_ms": 87.56177425384521,
      "fps": 11.420508646854945,
      "training_time_s": 77.15126848220825,
      "parameters": 11169218,
      "supports_detection": false,
      "supports_bounding_box": false,
      "suitability_score": 5.77
    },
    "MobileNetV2": {
      "accuracy": 0.9615384340286255,
      "train_accuracy": 0.9622641801834106,
      "inference_time_ms": 159.570574760437,
      "fps": 6.266819565582803,
      "training_time_s": 60.933769941329956,
      "parameters": 2422210,
      "supports_detection": false,
      "supports_bounding_box": false,
      "suitability_score": 6.45
    },
    "ResNet50": {
      "accuracy": 0.5769230723381042,
      "train_accuracy": 0.5613207817077637,
      "inference_time_ms": 251.38676166534424,
      "fps": 3.977934213302921,
      "training_time_s": 146.75186133384705,
      "parameters": 23850242,
      "supports_detection": false,
      "supports_bounding_box": false,
      "suitability_score": 4.69
    },
    "YOLOv8_small": {
      "accuracy": 0.9814814925193787,
      "train_accuracy": 0.9814814925193787,
      "inference_time_ms": 14.236187934875488,
      "fps": 70.2435233768039,
      "training_time_s": 91.37700724601746,
      "parameters": 3200000,
      "supports_detection": true,
      "supports_bounding_box": true,
      "suitability_score": 9.8
    }
  }
}